BottleID,SourceSalinity,BubbleEndSalinity,Treatment
CH09_01,29.99,31.37,MidCO2
CH10_01,29.99,31.06,HiCO2
CH09_02,29.2,30.25,MidCO2
CH10_02,29.2,30.25,HiCO2
CH09_03,28.9,29.54,MidCO2
CH10_03,28.9,29.45,HiCO2
CH09_03a,28.9,29.05,MidCO2
CH10_03a,28.9,29.23,HiCO2
CH09_04,30.01,29.74,MidCO2
CH10_04,30.01,29.98,HiCO2
,,,
,,,